Name,Link
Bulbasaur,https://pokeapi.co/api/v2/pokemon/1/
Ivysaur,https://pokeapi.co/api/v2/pokemon/2/
Venusaur,https://pokeapi.co/api/v2/pokemon/3/
Charmander,https://pokeapi.co/api/v2/pokemon/4/
Charmeleon,https://pokeapi.co/api/v2/pokemon/5/
Charizard,https://pokeapi.co/api/v2/pokemon/6/
Squirtle,https://pokeapi.co/api/v2/pokemon/7/
Wartortle,https://pokeapi.co/api/v2/pokemon/8/
Blastoise,https://pokeapi.co/api/v2/pokemon/9/
Caterpie,https://pokeapi.co/api/v2/pokemon/10/
Metapod,https://pokeapi.co/api/v2/pokemon/11/
Butterfree,https://pokeapi.co/api/v2/pokemon/12/
Weedle,https://pokeapi.co/api/v2/pokemon/13/
Kakuna,https://pokeapi.co/api/v2/pokemon/14/
Beedrill,https://pokeapi.co/api/v2/pokemon/15/
Pidgey,https://pokeapi.co/api/v2/pokemon/16/
Pidgeotto,https://pokeapi.co/api/v2/pokemon/17/
Pidgeot,https://pokeapi.co/api/v2/pokemon/18/
Rattata,https://pokeapi.co/api/v2/pokemon/19/
Raticate,https://pokeapi.co/api/v2/pokemon/20/
Spearow,https://pokeapi.co/api/v2/pokemon/21/
Fearow,https://pokeapi.co/api/v2/pokemon/22/
Ekans,https://pokeapi.co/api/v2/pokemon/23/
Arbok,https://pokeapi.co/api/v2/pokemon/24/
Pikachu,https://pokeapi.co/api/v2/pokemon/25/
Raichu,https://pokeapi.co/api/v2/pokemon/26/
Sandshrew,https://pokeapi.co/api/v2/pokemon/27/
Sandslash,https://pokeapi.co/api/v2/pokemon/28/
Nidoran-f,https://pokeapi.co/api/v2/pokemon/29/
Nidorina,https://pokeapi.co/api/v2/pokemon/30/
Nidoqueen,https://pokeapi.co/api/v2/pokemon/31/
Nidoran-m,https://pokeapi.co/api/v2/pokemon/32/
Nidorino,https://pokeapi.co/api/v2/pokemon/33/
Nidoking,https://pokeapi.co/api/v2/pokemon/34/
Clefairy,https://pokeapi.co/api/v2/pokemon/35/
Clefable,https://pokeapi.co/api/v2/pokemon/36/
Vulpix,https://pokeapi.co/api/v2/pokemon/37/
Ninetales,https://pokeapi.co/api/v2/pokemon/38/
Jigglypuff,https://pokeapi.co/api/v2/pokemon/39/
Wigglytuff,https://pokeapi.co/api/v2/pokemon/40/
Zubat,https://pokeapi.co/api/v2/pokemon/41/
Golbat,https://pokeapi.co/api/v2/pokemon/42/
Oddish,https://pokeapi.co/api/v2/pokemon/43/
Gloom,https://pokeapi.co/api/v2/pokemon/44/
Vileplume,https://pokeapi.co/api/v2/pokemon/45/
Paras,https://pokeapi.co/api/v2/pokemon/46/
Parasect,https://pokeapi.co/api/v2/pokemon/47/
Venonat,https://pokeapi.co/api/v2/pokemon/48/
Venomoth,https://pokeapi.co/api/v2/pokemon/49/
Diglett,https://pokeapi.co/api/v2/pokemon/50/
Dugtrio,https://pokeapi.co/api/v2/pokemon/51/
Meowth,https://pokeapi.co/api/v2/pokemon/52/
Persian,https://pokeapi.co/api/v2/pokemon/53/
Psyduck,https://pokeapi.co/api/v2/pokemon/54/
Golduck,https://pokeapi.co/api/v2/pokemon/55/
Mankey,https://pokeapi.co/api/v2/pokemon/56/
Primeape,https://pokeapi.co/api/v2/pokemon/57/
Growlithe,https://pokeapi.co/api/v2/pokemon/58/
Arcanine,https://pokeapi.co/api/v2/pokemon/59/
Poliwag,https://pokeapi.co/api/v2/pokemon/60/
Poliwhirl,https://pokeapi.co/api/v2/pokemon/61/
Poliwrath,https://pokeapi.co/api/v2/pokemon/62/
Abra,https://pokeapi.co/api/v2/pokemon/63/
Kadabra,https://pokeapi.co/api/v2/pokemon/64/
Alakazam,https://pokeapi.co/api/v2/pokemon/65/
Machop,https://pokeapi.co/api/v2/pokemon/66/
Machoke,https://pokeapi.co/api/v2/pokemon/67/
Machamp,https://pokeapi.co/api/v2/pokemon/68/
Bellsprout,https://pokeapi.co/api/v2/pokemon/69/
Weepinbell,https://pokeapi.co/api/v2/pokemon/70/
Victreebel,https://pokeapi.co/api/v2/pokemon/71/
Tentacool,https://pokeapi.co/api/v2/pokemon/72/
Tentacruel,https://pokeapi.co/api/v2/pokemon/73/
Geodude,https://pokeapi.co/api/v2/pokemon/74/
Graveler,https://pokeapi.co/api/v2/pokemon/75/
Golem,https://pokeapi.co/api/v2/pokemon/76/
Ponyta,https://pokeapi.co/api/v2/pokemon/77/
Rapidash,https://pokeapi.co/api/v2/pokemon/78/
Slowpoke,https://pokeapi.co/api/v2/pokemon/79/
Slowbro,https://pokeapi.co/api/v2/pokemon/80/
Magnemite,https://pokeapi.co/api/v2/pokemon/81/
Magneton,https://pokeapi.co/api/v2/pokemon/82/
Farfetchd,https://pokeapi.co/api/v2/pokemon/83/
Doduo,https://pokeapi.co/api/v2/pokemon/84/
Dodrio,https://pokeapi.co/api/v2/pokemon/85/
Seel,https://pokeapi.co/api/v2/pokemon/86/
Dewgong,https://pokeapi.co/api/v2/pokemon/87/
Grimer,https://pokeapi.co/api/v2/pokemon/88/
Muk,https://pokeapi.co/api/v2/pokemon/89/
Shellder,https://pokeapi.co/api/v2/pokemon/90/
Cloyster,https://pokeapi.co/api/v2/pokemon/91/
Gastly,https://pokeapi.co/api/v2/pokemon/92/
Haunter,https://pokeapi.co/api/v2/pokemon/93/
Gengar,https://pokeapi.co/api/v2/pokemon/94/
Onix,https://pokeapi.co/api/v2/pokemon/95/
Drowzee,https://pokeapi.co/api/v2/pokemon/96/
Hypno,https://pokeapi.co/api/v2/pokemon/97/
Krabby,https://pokeapi.co/api/v2/pokemon/98/
Kingler,https://pokeapi.co/api/v2/pokemon/99/
Voltorb,https://pokeapi.co/api/v2/pokemon/100/
Electrode,https://pokeapi.co/api/v2/pokemon/101/
Exeggcute,https://pokeapi.co/api/v2/pokemon/102/
Exeggutor,https://pokeapi.co/api/v2/pokemon/103/
Cubone,https://pokeapi.co/api/v2/pokemon/104/
Marowak,https://pokeapi.co/api/v2/pokemon/105/
Hitmonlee,https://pokeapi.co/api/v2/pokemon/106/
Hitmonchan,https://pokeapi.co/api/v2/pokemon/107/
Lickitung,https://pokeapi.co/api/v2/pokemon/108/
Koffing,https://pokeapi.co/api/v2/pokemon/109/
Weezing,https://pokeapi.co/api/v2/pokemon/110/
Rhyhorn,https://pokeapi.co/api/v2/pokemon/111/
Rhydon,https://pokeapi.co/api/v2/pokemon/112/
Chansey,https://pokeapi.co/api/v2/pokemon/113/
Tangela,https://pokeapi.co/api/v2/pokemon/114/
Kangaskhan,https://pokeapi.co/api/v2/pokemon/115/
Horsea,https://pokeapi.co/api/v2/pokemon/116/
Seadra,https://pokeapi.co/api/v2/pokemon/117/
Goldeen,https://pokeapi.co/api/v2/pokemon/118/
Seaking,https://pokeapi.co/api/v2/pokemon/119/
Staryu,https://pokeapi.co/api/v2/pokemon/120/
Starmie,https://pokeapi.co/api/v2/pokemon/121/
Mr-mime,https://pokeapi.co/api/v2/pokemon/122/
Scyther,https://pokeapi.co/api/v2/pokemon/123/
Jynx,https://pokeapi.co/api/v2/pokemon/124/
Electabuzz,https://pokeapi.co/api/v2/pokemon/125/
Magmar,https://pokeapi.co/api/v2/pokemon/126/
Pinsir,https://pokeapi.co/api/v2/pokemon/127/
Tauros,https://pokeapi.co/api/v2/pokemon/128/
Magikarp,https://pokeapi.co/api/v2/pokemon/129/
Gyarados,https://pokeapi.co/api/v2/pokemon/130/
Lapras,https://pokeapi.co/api/v2/pokemon/131/
Ditto,https://pokeapi.co/api/v2/pokemon/132/
Eevee,https://pokeapi.co/api/v2/pokemon/133/
Vaporeon,https://pokeapi.co/api/v2/pokemon/134/
Jolteon,https://pokeapi.co/api/v2/pokemon/135/
Flareon,https://pokeapi.co/api/v2/pokemon/136/
Porygon,https://pokeapi.co/api/v2/pokemon/137/
Omanyte,https://pokeapi.co/api/v2/pokemon/138/
Omastar,https://pokeapi.co/api/v2/pokemon/139/
Kabuto,https://pokeapi.co/api/v2/pokemon/140/
Kabutops,https://pokeapi.co/api/v2/pokemon/141/
Aerodactyl,https://pokeapi.co/api/v2/pokemon/142/
Snorlax,https://pokeapi.co/api/v2/pokemon/143/
Articuno,https://pokeapi.co/api/v2/pokemon/144/
Zapdos,https://pokeapi.co/api/v2/pokemon/145/
Moltres,https://pokeapi.co/api/v2/pokemon/146/
Dratini,https://pokeapi.co/api/v2/pokemon/147/
Dragonair,https://pokeapi.co/api/v2/pokemon/148/
Dragonite,https://pokeapi.co/api/v2/pokemon/149/
Mewtwo,https://pokeapi.co/api/v2/pokemon/150/
Mew,https://pokeapi.co/api/v2/pokemon/151/
Chikorita,https://pokeapi.co/api/v2/pokemon/152/
Bayleef,https://pokeapi.co/api/v2/pokemon/153/
Meganium,https://pokeapi.co/api/v2/pokemon/154/
Cyndaquil,https://pokeapi.co/api/v2/pokemon/155/
Quilava,https://pokeapi.co/api/v2/pokemon/156/
Typhlosion,https://pokeapi.co/api/v2/pokemon/157/
Totodile,https://pokeapi.co/api/v2/pokemon/158/
Croconaw,https://pokeapi.co/api/v2/pokemon/159/
Feraligatr,https://pokeapi.co/api/v2/pokemon/160/
Sentret,https://pokeapi.co/api/v2/pokemon/161/
Furret,https://pokeapi.co/api/v2/pokemon/162/
Hoothoot,https://pokeapi.co/api/v2/pokemon/163/
Noctowl,https://pokeapi.co/api/v2/pokemon/164/
Ledyba,https://pokeapi.co/api/v2/pokemon/165/
Ledian,https://pokeapi.co/api/v2/pokemon/166/
Spinarak,https://pokeapi.co/api/v2/pokemon/167/
Ariados,https://pokeapi.co/api/v2/pokemon/168/
Crobat,https://pokeapi.co/api/v2/pokemon/169/
Chinchou,https://pokeapi.co/api/v2/pokemon/170/
Lanturn,https://pokeapi.co/api/v2/pokemon/171/
Pichu,https://pokeapi.co/api/v2/pokemon/172/
Cleffa,https://pokeapi.co/api/v2/pokemon/173/
Igglybuff,https://pokeapi.co/api/v2/pokemon/174/
Togepi,https://pokeapi.co/api/v2/pokemon/175/
Togetic,https://pokeapi.co/api/v2/pokemon/176/
Natu,https://pokeapi.co/api/v2/pokemon/177/
Xatu,https://pokeapi.co/api/v2/pokemon/178/
Mareep,https://pokeapi.co/api/v2/pokemon/179/
Flaaffy,https://pokeapi.co/api/v2/pokemon/180/
Ampharos,https://pokeapi.co/api/v2/pokemon/181/
Bellossom,https://pokeapi.co/api/v2/pokemon/182/
Marill,https://pokeapi.co/api/v2/pokemon/183/
Azumarill,https://pokeapi.co/api/v2/pokemon/184/
Sudowoodo,https://pokeapi.co/api/v2/pokemon/185/
Politoed,https://pokeapi.co/api/v2/pokemon/186/
Hoppip,https://pokeapi.co/api/v2/pokemon/187/
Skiploom,https://pokeapi.co/api/v2/pokemon/188/
Jumpluff,https://pokeapi.co/api/v2/pokemon/189/
Aipom,https://pokeapi.co/api/v2/pokemon/190/
Sunkern,https://pokeapi.co/api/v2/pokemon/191/
Sunflora,https://pokeapi.co/api/v2/pokemon/192/
Yanma,https://pokeapi.co/api/v2/pokemon/193/
Wooper,https://pokeapi.co/api/v2/pokemon/194/
Quagsire,https://pokeapi.co/api/v2/pokemon/195/
Espeon,https://pokeapi.co/api/v2/pokemon/196/
Umbreon,https://pokeapi.co/api/v2/pokemon/197/
Murkrow,https://pokeapi.co/api/v2/pokemon/198/
Slowking,https://pokeapi.co/api/v2/pokemon/199/
Misdreavus,https://pokeapi.co/api/v2/pokemon/200/
Unown,https://pokeapi.co/api/v2/pokemon/201/
Wobbuffet,https://pokeapi.co/api/v2/pokemon/202/
Girafarig,https://pokeapi.co/api/v2/pokemon/203/
Pineco,https://pokeapi.co/api/v2/pokemon/204/
Forretress,https://pokeapi.co/api/v2/pokemon/205/
Dunsparce,https://pokeapi.co/api/v2/pokemon/206/
Gligar,https://pokeapi.co/api/v2/pokemon/207/
Steelix,https://pokeapi.co/api/v2/pokemon/208/
Snubbull,https://pokeapi.co/api/v2/pokemon/209/
Granbull,https://pokeapi.co/api/v2/pokemon/210/
Qwilfish,https://pokeapi.co/api/v2/pokemon/211/
Scizor,https://pokeapi.co/api/v2/pokemon/212/
Shuckle,https://pokeapi.co/api/v2/pokemon/213/
Heracross,https://pokeapi.co/api/v2/pokemon/214/
Sneasel,https://pokeapi.co/api/v2/pokemon/215/
Teddiursa,https://pokeapi.co/api/v2/pokemon/216/
Ursaring,https://pokeapi.co/api/v2/pokemon/217/
Slugma,https://pokeapi.co/api/v2/pokemon/218/
Magcargo,https://pokeapi.co/api/v2/pokemon/219/
Swinub,https://pokeapi.co/api/v2/pokemon/220/
Piloswine,https://pokeapi.co/api/v2/pokemon/221/
Corsola,https://pokeapi.co/api/v2/pokemon/222/
Remoraid,https://pokeapi.co/api/v2/pokemon/223/
Octillery,https://pokeapi.co/api/v2/pokemon/224/
Delibird,https://pokeapi.co/api/v2/pokemon/225/
Mantine,https://pokeapi.co/api/v2/pokemon/226/
Skarmory,https://pokeapi.co/api/v2/pokemon/227/
Houndour,https://pokeapi.co/api/v2/pokemon/228/
Houndoom,https://pokeapi.co/api/v2/pokemon/229/
Kingdra,https://pokeapi.co/api/v2/pokemon/230/
Phanpy,https://pokeapi.co/api/v2/pokemon/231/
Donphan,https://pokeapi.co/api/v2/pokemon/232/
Porygon2,https://pokeapi.co/api/v2/pokemon/233/
Stantler,https://pokeapi.co/api/v2/pokemon/234/
Smeargle,https://pokeapi.co/api/v2/pokemon/235/
Tyrogue,https://pokeapi.co/api/v2/pokemon/236/
Hitmontop,https://pokeapi.co/api/v2/pokemon/237/
Smoochum,https://pokeapi.co/api/v2/pokemon/238/
Elekid,https://pokeapi.co/api/v2/pokemon/239/
Magby,https://pokeapi.co/api/v2/pokemon/240/
Miltank,https://pokeapi.co/api/v2/pokemon/241/
Blissey,https://pokeapi.co/api/v2/pokemon/242/
Raikou,https://pokeapi.co/api/v2/pokemon/243/
Entei,https://pokeapi.co/api/v2/pokemon/244/
Suicune,https://pokeapi.co/api/v2/pokemon/245/
Larvitar,https://pokeapi.co/api/v2/pokemon/246/
Pupitar,https://pokeapi.co/api/v2/pokemon/247/
Tyranitar,https://pokeapi.co/api/v2/pokemon/248/
Lugia,https://pokeapi.co/api/v2/pokemon/249/
Ho-oh,https://pokeapi.co/api/v2/pokemon/250/
Celebi,https://pokeapi.co/api/v2/pokemon/251/
Treecko,https://pokeapi.co/api/v2/pokemon/252/
Grovyle,https://pokeapi.co/api/v2/pokemon/253/
Sceptile,https://pokeapi.co/api/v2/pokemon/254/
Torchic,https://pokeapi.co/api/v2/pokemon/255/
Combusken,https://pokeapi.co/api/v2/pokemon/256/
Blaziken,https://pokeapi.co/api/v2/pokemon/257/
Mudkip,https://pokeapi.co/api/v2/pokemon/258/
Marshtomp,https://pokeapi.co/api/v2/pokemon/259/
Swampert,https://pokeapi.co/api/v2/pokemon/260/
Poochyena,https://pokeapi.co/api/v2/pokemon/261/
Mightyena,https://pokeapi.co/api/v2/pokemon/262/
Zigzagoon,https://pokeapi.co/api/v2/pokemon/263/
Linoone,https://pokeapi.co/api/v2/pokemon/264/
Wurmple,https://pokeapi.co/api/v2/pokemon/265/
Silcoon,https://pokeapi.co/api/v2/pokemon/266/
Beautifly,https://pokeapi.co/api/v2/pokemon/267/
Cascoon,https://pokeapi.co/api/v2/pokemon/268/
Dustox,https://pokeapi.co/api/v2/pokemon/269/
Lotad,https://pokeapi.co/api/v2/pokemon/270/
Lombre,https://pokeapi.co/api/v2/pokemon/271/
Ludicolo,https://pokeapi.co/api/v2/pokemon/272/
Seedot,https://pokeapi.co/api/v2/pokemon/273/
Nuzleaf,https://pokeapi.co/api/v2/pokemon/274/
Shiftry,https://pokeapi.co/api/v2/pokemon/275/
Taillow,https://pokeapi.co/api/v2/pokemon/276/
Swellow,https://pokeapi.co/api/v2/pokemon/277/
Wingull,https://pokeapi.co/api/v2/pokemon/278/
Pelipper,https://pokeapi.co/api/v2/pokemon/279/
Ralts,https://pokeapi.co/api/v2/pokemon/280/
Kirlia,https://pokeapi.co/api/v2/pokemon/281/
Gardevoir,https://pokeapi.co/api/v2/pokemon/282/
Surskit,https://pokeapi.co/api/v2/pokemon/283/
Masquerain,https://pokeapi.co/api/v2/pokemon/284/
Shroomish,https://pokeapi.co/api/v2/pokemon/285/
Breloom,https://pokeapi.co/api/v2/pokemon/286/
Slakoth,https://pokeapi.co/api/v2/pokemon/287/
Vigoroth,https://pokeapi.co/api/v2/pokemon/288/
Slaking,https://pokeapi.co/api/v2/pokemon/289/
Nincada,https://pokeapi.co/api/v2/pokemon/290/
Ninjask,https://pokeapi.co/api/v2/pokemon/291/
Shedinja,https://pokeapi.co/api/v2/pokemon/292/
Whismur,https://pokeapi.co/api/v2/pokemon/293/
Loudred,https://pokeapi.co/api/v2/pokemon/294/
Exploud,https://pokeapi.co/api/v2/pokemon/295/
Makuhita,https://pokeapi.co/api/v2/pokemon/296/
Hariyama,https://pokeapi.co/api/v2/pokemon/297/
Azurill,https://pokeapi.co/api/v2/pokemon/298/
Nosepass,https://pokeapi.co/api/v2/pokemon/299/
Skitty,https://pokeapi.co/api/v2/pokemon/300/
Delcatty,https://pokeapi.co/api/v2/pokemon/301/
Sableye,https://pokeapi.co/api/v2/pokemon/302/
Mawile,https://pokeapi.co/api/v2/pokemon/303/
Aron,https://pokeapi.co/api/v2/pokemon/304/
Lairon,https://pokeapi.co/api/v2/pokemon/305/
Aggron,https://pokeapi.co/api/v2/pokemon/306/
Meditite,https://pokeapi.co/api/v2/pokemon/307/
Medicham,https://pokeapi.co/api/v2/pokemon/308/
Electrike,https://pokeapi.co/api/v2/pokemon/309/
Manectric,https://pokeapi.co/api/v2/pokemon/310/
Plusle,https://pokeapi.co/api/v2/pokemon/311/
Minun,https://pokeapi.co/api/v2/pokemon/312/
Volbeat,https://pokeapi.co/api/v2/pokemon/313/
Illumise,https://pokeapi.co/api/v2/pokemon/314/
Roselia,https://pokeapi.co/api/v2/pokemon/315/
Gulpin,https://pokeapi.co/api/v2/pokemon/316/
Swalot,https://pokeapi.co/api/v2/pokemon/317/
Carvanha,https://pokeapi.co/api/v2/pokemon/318/
Sharpedo,https://pokeapi.co/api/v2/pokemon/319/
Wailmer,https://pokeapi.co/api/v2/pokemon/320/
Wailord,https://pokeapi.co/api/v2/pokemon/321/
Numel,https://pokeapi.co/api/v2/pokemon/322/
Camerupt,https://pokeapi.co/api/v2/pokemon/323/
Torkoal,https://pokeapi.co/api/v2/pokemon/324/
Spoink,https://pokeapi.co/api/v2/pokemon/325/
Grumpig,https://pokeapi.co/api/v2/pokemon/326/
Spinda,https://pokeapi.co/api/v2/pokemon/327/
Trapinch,https://pokeapi.co/api/v2/pokemon/328/
Vibrava,https://pokeapi.co/api/v2/pokemon/329/
Flygon,https://pokeapi.co/api/v2/pokemon/330/
Cacnea,https://pokeapi.co/api/v2/pokemon/331/
Cacturne,https://pokeapi.co/api/v2/pokemon/332/
Swablu,https://pokeapi.co/api/v2/pokemon/333/
Altaria,https://pokeapi.co/api/v2/pokemon/334/
Zangoose,https://pokeapi.co/api/v2/pokemon/335/
Seviper,https://pokeapi.co/api/v2/pokemon/336/
Lunatone,https://pokeapi.co/api/v2/pokemon/337/
Solrock,https://pokeapi.co/api/v2/pokemon/338/
Barboach,https://pokeapi.co/api/v2/pokemon/339/
Whiscash,https://pokeapi.co/api/v2/pokemon/340/
Corphish,https://pokeapi.co/api/v2/pokemon/341/
Crawdaunt,https://pokeapi.co/api/v2/pokemon/342/
Baltoy,https://pokeapi.co/api/v2/pokemon/343/
Claydol,https://pokeapi.co/api/v2/pokemon/344/
Lileep,https://pokeapi.co/api/v2/pokemon/345/
Cradily,https://pokeapi.co/api/v2/pokemon/346/
Anorith,https://pokeapi.co/api/v2/pokemon/347/
Armaldo,https://pokeapi.co/api/v2/pokemon/348/
Feebas,https://pokeapi.co/api/v2/pokemon/349/
Milotic,https://pokeapi.co/api/v2/pokemon/350/
Castform,https://pokeapi.co/api/v2/pokemon/351/
Kecleon,https://pokeapi.co/api/v2/pokemon/352/
Shuppet,https://pokeapi.co/api/v2/pokemon/353/
Banette,https://pokeapi.co/api/v2/pokemon/354/
Duskull,https://pokeapi.co/api/v2/pokemon/355/
Dusclops,https://pokeapi.co/api/v2/pokemon/356/
Tropius,https://pokeapi.co/api/v2/pokemon/357/
Chimecho,https://pokeapi.co/api/v2/pokemon/358/
Absol,https://pokeapi.co/api/v2/pokemon/359/
Wynaut,https://pokeapi.co/api/v2/pokemon/360/
Snorunt,https://pokeapi.co/api/v2/pokemon/361/
Glalie,https://pokeapi.co/api/v2/pokemon/362/
Spheal,https://pokeapi.co/api/v2/pokemon/363/
Sealeo,https://pokeapi.co/api/v2/pokemon/364/
Walrein,https://pokeapi.co/api/v2/pokemon/365/
Clamperl,https://pokeapi.co/api/v2/pokemon/366/
Huntail,https://pokeapi.co/api/v2/pokemon/367/
Gorebyss,https://pokeapi.co/api/v2/pokemon/368/
Relicanth,https://pokeapi.co/api/v2/pokemon/369/
Luvdisc,https://pokeapi.co/api/v2/pokemon/370/
Bagon,https://pokeapi.co/api/v2/pokemon/371/
Shelgon,https://pokeapi.co/api/v2/pokemon/372/
Salamence,https://pokeapi.co/api/v2/pokemon/373/
Beldum,https://pokeapi.co/api/v2/pokemon/374/
Metang,https://pokeapi.co/api/v2/pokemon/375/
Metagross,https://pokeapi.co/api/v2/pokemon/376/
Regirock,https://pokeapi.co/api/v2/pokemon/377/
Regice,https://pokeapi.co/api/v2/pokemon/378/
Registeel,https://pokeapi.co/api/v2/pokemon/379/
Latias,https://pokeapi.co/api/v2/pokemon/380/
Latios,https://pokeapi.co/api/v2/pokemon/381/
Kyogre,https://pokeapi.co/api/v2/pokemon/382/
Groudon,https://pokeapi.co/api/v2/pokemon/383/
Rayquaza,https://pokeapi.co/api/v2/pokemon/384/
Jirachi,https://pokeapi.co/api/v2/pokemon/385/
Deoxys-normal,https://pokeapi.co/api/v2/pokemon/386/
Turtwig,https://pokeapi.co/api/v2/pokemon/387/
Grotle,https://pokeapi.co/api/v2/pokemon/388/
Torterra,https://pokeapi.co/api/v2/pokemon/389/
Chimchar,https://pokeapi.co/api/v2/pokemon/390/
Monferno,https://pokeapi.co/api/v2/pokemon/391/
Infernape,https://pokeapi.co/api/v2/pokemon/392/
Piplup,https://pokeapi.co/api/v2/pokemon/393/
Prinplup,https://pokeapi.co/api/v2/pokemon/394/
Empoleon,https://pokeapi.co/api/v2/pokemon/395/
Starly,https://pokeapi.co/api/v2/pokemon/396/
Staravia,https://pokeapi.co/api/v2/pokemon/397/
Staraptor,https://pokeapi.co/api/v2/pokemon/398/
Bidoof,https://pokeapi.co/api/v2/pokemon/399/
Bibarel,https://pokeapi.co/api/v2/pokemon/400/
Kricketot,https://pokeapi.co/api/v2/pokemon/401/
Kricketune,https://pokeapi.co/api/v2/pokemon/402/
Shinx,https://pokeapi.co/api/v2/pokemon/403/
Luxio,https://pokeapi.co/api/v2/pokemon/404/
Luxray,https://pokeapi.co/api/v2/pokemon/405/
Budew,https://pokeapi.co/api/v2/pokemon/406/
Roserade,https://pokeapi.co/api/v2/pokemon/407/
Cranidos,https://pokeapi.co/api/v2/pokemon/408/
Rampardos,https://pokeapi.co/api/v2/pokemon/409/
Shieldon,https://pokeapi.co/api/v2/pokemon/410/
Bastiodon,https://pokeapi.co/api/v2/pokemon/411/
Burmy,https://pokeapi.co/api/v2/pokemon/412/
Wormadam-plant,https://pokeapi.co/api/v2/pokemon/413/
Mothim,https://pokeapi.co/api/v2/pokemon/414/
Combee,https://pokeapi.co/api/v2/pokemon/415/
Vespiquen,https://pokeapi.co/api/v2/pokemon/416/
Pachirisu,https://pokeapi.co/api/v2/pokemon/417/
Buizel,https://pokeapi.co/api/v2/pokemon/418/
Floatzel,https://pokeapi.co/api/v2/pokemon/419/
Cherubi,https://pokeapi.co/api/v2/pokemon/420/
Cherrim,https://pokeapi.co/api/v2/pokemon/421/
Shellos,https://pokeapi.co/api/v2/pokemon/422/
Gastrodon,https://pokeapi.co/api/v2/pokemon/423/
Ambipom,https://pokeapi.co/api/v2/pokemon/424/
Drifloon,https://pokeapi.co/api/v2/pokemon/425/
Drifblim,https://pokeapi.co/api/v2/pokemon/426/
Buneary,https://pokeapi.co/api/v2/pokemon/427/
Lopunny,https://pokeapi.co/api/v2/pokemon/428/
Mismagius,https://pokeapi.co/api/v2/pokemon/429/
Honchkrow,https://pokeapi.co/api/v2/pokemon/430/
Glameow,https://pokeapi.co/api/v2/pokemon/431/
Purugly,https://pokeapi.co/api/v2/pokemon/432/
Chingling,https://pokeapi.co/api/v2/pokemon/433/
Stunky,https://pokeapi.co/api/v2/pokemon/434/
Skuntank,https://pokeapi.co/api/v2/pokemon/435/
Bronzor,https://pokeapi.co/api/v2/pokemon/436/
Bronzong,https://pokeapi.co/api/v2/pokemon/437/
Bonsly,https://pokeapi.co/api/v2/pokemon/438/
Mime-jr,https://pokeapi.co/api/v2/pokemon/439/
Happiny,https://pokeapi.co/api/v2/pokemon/440/
Chatot,https://pokeapi.co/api/v2/pokemon/441/
Spiritomb,https://pokeapi.co/api/v2/pokemon/442/
Gible,https://pokeapi.co/api/v2/pokemon/443/
Gabite,https://pokeapi.co/api/v2/pokemon/444/
Garchomp,https://pokeapi.co/api/v2/pokemon/445/
Munchlax,https://pokeapi.co/api/v2/pokemon/446/
Riolu,https://pokeapi.co/api/v2/pokemon/447/
Lucario,https://pokeapi.co/api/v2/pokemon/448/
Hippopotas,https://pokeapi.co/api/v2/pokemon/449/
Hippowdon,https://pokeapi.co/api/v2/pokemon/450/
Skorupi,https://pokeapi.co/api/v2/pokemon/451/
Drapion,https://pokeapi.co/api/v2/pokemon/452/
Croagunk,https://pokeapi.co/api/v2/pokemon/453/
Toxicroak,https://pokeapi.co/api/v2/pokemon/454/
Carnivine,https://pokeapi.co/api/v2/pokemon/455/
Finneon,https://pokeapi.co/api/v2/pokemon/456/
Lumineon,https://pokeapi.co/api/v2/pokemon/457/
Mantyke,https://pokeapi.co/api/v2/pokemon/458/
Snover,https://pokeapi.co/api/v2/pokemon/459/
Abomasnow,https://pokeapi.co/api/v2/pokemon/460/
Weavile,https://pokeapi.co/api/v2/pokemon/461/
Magnezone,https://pokeapi.co/api/v2/pokemon/462/
Lickilicky,https://pokeapi.co/api/v2/pokemon/463/
Rhyperior,https://pokeapi.co/api/v2/pokemon/464/
Tangrowth,https://pokeapi.co/api/v2/pokemon/465/
Electivire,https://pokeapi.co/api/v2/pokemon/466/
Magmortar,https://pokeapi.co/api/v2/pokemon/467/
Togekiss,https://pokeapi.co/api/v2/pokemon/468/
Yanmega,https://pokeapi.co/api/v2/pokemon/469/
Leafeon,https://pokeapi.co/api/v2/pokemon/470/
Glaceon,https://pokeapi.co/api/v2/pokemon/471/
Gliscor,https://pokeapi.co/api/v2/pokemon/472/
Mamoswine,https://pokeapi.co/api/v2/pokemon/473/
Porygon-z,https://pokeapi.co/api/v2/pokemon/474/
Gallade,https://pokeapi.co/api/v2/pokemon/475/
Probopass,https://pokeapi.co/api/v2/pokemon/476/
Dusknoir,https://pokeapi.co/api/v2/pokemon/477/
Froslass,https://pokeapi.co/api/v2/pokemon/478/
Rotom,https://pokeapi.co/api/v2/pokemon/479/
Uxie,https://pokeapi.co/api/v2/pokemon/480/
Mesprit,https://pokeapi.co/api/v2/pokemon/481/
Azelf,https://pokeapi.co/api/v2/pokemon/482/
Dialga,https://pokeapi.co/api/v2/pokemon/483/
Palkia,https://pokeapi.co/api/v2/pokemon/484/
Heatran,https://pokeapi.co/api/v2/pokemon/485/
Regigigas,https://pokeapi.co/api/v2/pokemon/486/
Giratina-altered,https://pokeapi.co/api/v2/pokemon/487/
Cresselia,https://pokeapi.co/api/v2/pokemon/488/
Phione,https://pokeapi.co/api/v2/pokemon/489/
Manaphy,https://pokeapi.co/api/v2/pokemon/490/
Darkrai,https://pokeapi.co/api/v2/pokemon/491/
Shaymin-land,https://pokeapi.co/api/v2/pokemon/492/
Arceus,https://pokeapi.co/api/v2/pokemon/493/
Victini,https://pokeapi.co/api/v2/pokemon/494/
Snivy,https://pokeapi.co/api/v2/pokemon/495/
Servine,https://pokeapi.co/api/v2/pokemon/496/
Serperior,https://pokeapi.co/api/v2/pokemon/497/
Tepig,https://pokeapi.co/api/v2/pokemon/498/
Pignite,https://pokeapi.co/api/v2/pokemon/499/
Emboar,https://pokeapi.co/api/v2/pokemon/500/
Oshawott,https://pokeapi.co/api/v2/pokemon/501/
Dewott,https://pokeapi.co/api/v2/pokemon/502/
Samurott,https://pokeapi.co/api/v2/pokemon/503/
Patrat,https://pokeapi.co/api/v2/pokemon/504/
Watchog,https://pokeapi.co/api/v2/pokemon/505/
Lillipup,https://pokeapi.co/api/v2/pokemon/506/
Herdier,https://pokeapi.co/api/v2/pokemon/507/
Stoutland,https://pokeapi.co/api/v2/pokemon/508/
Purrloin,https://pokeapi.co/api/v2/pokemon/509/
Liepard,https://pokeapi.co/api/v2/pokemon/510/
Pansage,https://pokeapi.co/api/v2/pokemon/511/
Simisage,https://pokeapi.co/api/v2/pokemon/512/
Pansear,https://pokeapi.co/api/v2/pokemon/513/
Simisear,https://pokeapi.co/api/v2/pokemon/514/
Panpour,https://pokeapi.co/api/v2/pokemon/515/
Simipour,https://pokeapi.co/api/v2/pokemon/516/
Munna,https://pokeapi.co/api/v2/pokemon/517/
Musharna,https://pokeapi.co/api/v2/pokemon/518/
Pidove,https://pokeapi.co/api/v2/pokemon/519/
Tranquill,https://pokeapi.co/api/v2/pokemon/520/
Unfezant,https://pokeapi.co/api/v2/pokemon/521/
Blitzle,https://pokeapi.co/api/v2/pokemon/522/
Zebstrika,https://pokeapi.co/api/v2/pokemon/523/
Roggenrola,https://pokeapi.co/api/v2/pokemon/524/
Boldore,https://pokeapi.co/api/v2/pokemon/525/
Gigalith,https://pokeapi.co/api/v2/pokemon/526/
Woobat,https://pokeapi.co/api/v2/pokemon/527/
Swoobat,https://pokeapi.co/api/v2/pokemon/528/
Drilbur,https://pokeapi.co/api/v2/pokemon/529/
Excadrill,https://pokeapi.co/api/v2/pokemon/530/
Audino,https://pokeapi.co/api/v2/pokemon/531/
Timburr,https://pokeapi.co/api/v2/pokemon/532/
Gurdurr,https://pokeapi.co/api/v2/pokemon/533/
Conkeldurr,https://pokeapi.co/api/v2/pokemon/534/
Tympole,https://pokeapi.co/api/v2/pokemon/535/
Palpitoad,https://pokeapi.co/api/v2/pokemon/536/
Seismitoad,https://pokeapi.co/api/v2/pokemon/537/
Throh,https://pokeapi.co/api/v2/pokemon/538/
Sawk,https://pokeapi.co/api/v2/pokemon/539/
Sewaddle,https://pokeapi.co/api/v2/pokemon/540/
Swadloon,https://pokeapi.co/api/v2/pokemon/541/
Leavanny,https://pokeapi.co/api/v2/pokemon/542/
Venipede,https://pokeapi.co/api/v2/pokemon/543/
Whirlipede,https://pokeapi.co/api/v2/pokemon/544/
Scolipede,https://pokeapi.co/api/v2/pokemon/545/
Cottonee,https://pokeapi.co/api/v2/pokemon/546/
Whimsicott,https://pokeapi.co/api/v2/pokemon/547/
Petilil,https://pokeapi.co/api/v2/pokemon/548/
Lilligant,https://pokeapi.co/api/v2/pokemon/549/
Basculin-red-striped,https://pokeapi.co/api/v2/pokemon/550/
Sandile,https://pokeapi.co/api/v2/pokemon/551/
Krokorok,https://pokeapi.co/api/v2/pokemon/552/
Krookodile,https://pokeapi.co/api/v2/pokemon/553/
Darumaka,https://pokeapi.co/api/v2/pokemon/554/
Darmanitan-standard,https://pokeapi.co/api/v2/pokemon/555/
Maractus,https://pokeapi.co/api/v2/pokemon/556/
Dwebble,https://pokeapi.co/api/v2/pokemon/557/
Crustle,https://pokeapi.co/api/v2/pokemon/558/
Scraggy,https://pokeapi.co/api/v2/pokemon/559/
Scrafty,https://pokeapi.co/api/v2/pokemon/560/
Sigilyph,https://pokeapi.co/api/v2/pokemon/561/
Yamask,https://pokeapi.co/api/v2/pokemon/562/
Cofagrigus,https://pokeapi.co/api/v2/pokemon/563/
Tirtouga,https://pokeapi.co/api/v2/pokemon/564/
Carracosta,https://pokeapi.co/api/v2/pokemon/565/
Archen,https://pokeapi.co/api/v2/pokemon/566/
Archeops,https://pokeapi.co/api/v2/pokemon/567/
Trubbish,https://pokeapi.co/api/v2/pokemon/568/
Garbodor,https://pokeapi.co/api/v2/pokemon/569/
Zorua,https://pokeapi.co/api/v2/pokemon/570/
Zoroark,https://pokeapi.co/api/v2/pokemon/571/
Minccino,https://pokeapi.co/api/v2/pokemon/572/
Cinccino,https://pokeapi.co/api/v2/pokemon/573/
Gothita,https://pokeapi.co/api/v2/pokemon/574/
Gothorita,https://pokeapi.co/api/v2/pokemon/575/
Gothitelle,https://pokeapi.co/api/v2/pokemon/576/
Solosis,https://pokeapi.co/api/v2/pokemon/577/
Duosion,https://pokeapi.co/api/v2/pokemon/578/
Reuniclus,https://pokeapi.co/api/v2/pokemon/579/
Ducklett,https://pokeapi.co/api/v2/pokemon/580/
Swanna,https://pokeapi.co/api/v2/pokemon/581/
Vanillite,https://pokeapi.co/api/v2/pokemon/582/
Vanillish,https://pokeapi.co/api/v2/pokemon/583/
Vanilluxe,https://pokeapi.co/api/v2/pokemon/584/
Deerling,https://pokeapi.co/api/v2/pokemon/585/
Sawsbuck,https://pokeapi.co/api/v2/pokemon/586/
Emolga,https://pokeapi.co/api/v2/pokemon/587/
Karrablast,https://pokeapi.co/api/v2/pokemon/588/
Escavalier,https://pokeapi.co/api/v2/pokemon/589/
Foongus,https://pokeapi.co/api/v2/pokemon/590/
Amoonguss,https://pokeapi.co/api/v2/pokemon/591/
Frillish,https://pokeapi.co/api/v2/pokemon/592/
Jellicent,https://pokeapi.co/api/v2/pokemon/593/
Alomomola,https://pokeapi.co/api/v2/pokemon/594/
Joltik,https://pokeapi.co/api/v2/pokemon/595/
Galvantula,https://pokeapi.co/api/v2/pokemon/596/
Ferroseed,https://pokeapi.co/api/v2/pokemon/597/
Ferrothorn,https://pokeapi.co/api/v2/pokemon/598/
Klink,https://pokeapi.co/api/v2/pokemon/599/
Klang,https://pokeapi.co/api/v2/pokemon/600/
Klinklang,https://pokeapi.co/api/v2/pokemon/601/
Tynamo,https://pokeapi.co/api/v2/pokemon/602/
Eelektrik,https://pokeapi.co/api/v2/pokemon/603/
Eelektross,https://pokeapi.co/api/v2/pokemon/604/
Elgyem,https://pokeapi.co/api/v2/pokemon/605/
Beheeyem,https://pokeapi.co/api/v2/pokemon/606/
Litwick,https://pokeapi.co/api/v2/pokemon/607/
Lampent,https://pokeapi.co/api/v2/pokemon/608/
Chandelure,https://pokeapi.co/api/v2/pokemon/609/
Axew,https://pokeapi.co/api/v2/pokemon/610/
Fraxure,https://pokeapi.co/api/v2/pokemon/611/
Haxorus,https://pokeapi.co/api/v2/pokemon/612/
Cubchoo,https://pokeapi.co/api/v2/pokemon/613/
Beartic,https://pokeapi.co/api/v2/pokemon/614/
Cryogonal,https://pokeapi.co/api/v2/pokemon/615/
Shelmet,https://pokeapi.co/api/v2/pokemon/616/
Accelgor,https://pokeapi.co/api/v2/pokemon/617/
Stunfisk,https://pokeapi.co/api/v2/pokemon/618/
Mienfoo,https://pokeapi.co/api/v2/pokemon/619/
Mienshao,https://pokeapi.co/api/v2/pokemon/620/
Druddigon,https://pokeapi.co/api/v2/pokemon/621/
Golett,https://pokeapi.co/api/v2/pokemon/622/
Golurk,https://pokeapi.co/api/v2/pokemon/623/
Pawniard,https://pokeapi.co/api/v2/pokemon/624/
Bisharp,https://pokeapi.co/api/v2/pokemon/625/
Bouffalant,https://pokeapi.co/api/v2/pokemon/626/
Rufflet,https://pokeapi.co/api/v2/pokemon/627/
Braviary,https://pokeapi.co/api/v2/pokemon/628/
Vullaby,https://pokeapi.co/api/v2/pokemon/629/
Mandibuzz,https://pokeapi.co/api/v2/pokemon/630/
Heatmor,https://pokeapi.co/api/v2/pokemon/631/
Durant,https://pokeapi.co/api/v2/pokemon/632/
Deino,https://pokeapi.co/api/v2/pokemon/633/
Zweilous,https://pokeapi.co/api/v2/pokemon/634/
Hydreigon,https://pokeapi.co/api/v2/pokemon/635/
Larvesta,https://pokeapi.co/api/v2/pokemon/636/
Volcarona,https://pokeapi.co/api/v2/pokemon/637/
Cobalion,https://pokeapi.co/api/v2/pokemon/638/
Terrakion,https://pokeapi.co/api/v2/pokemon/639/
Virizion,https://pokeapi.co/api/v2/pokemon/640/
Tornadus-incarnate,https://pokeapi.co/api/v2/pokemon/641/
Thundurus-incarnate,https://pokeapi.co/api/v2/pokemon/642/
Reshiram,https://pokeapi.co/api/v2/pokemon/643/
Zekrom,https://pokeapi.co/api/v2/pokemon/644/
Landorus-incarnate,https://pokeapi.co/api/v2/pokemon/645/
Kyurem,https://pokeapi.co/api/v2/pokemon/646/
Keldeo-ordinary,https://pokeapi.co/api/v2/pokemon/647/
Meloetta-aria,https://pokeapi.co/api/v2/pokemon/648/
Genesect,https://pokeapi.co/api/v2/pokemon/649/
Chespin,https://pokeapi.co/api/v2/pokemon/650/
Quilladin,https://pokeapi.co/api/v2/pokemon/651/
Chesnaught,https://pokeapi.co/api/v2/pokemon/652/
Fennekin,https://pokeapi.co/api/v2/pokemon/653/
Braixen,https://pokeapi.co/api/v2/pokemon/654/
Delphox,https://pokeapi.co/api/v2/pokemon/655/
Froakie,https://pokeapi.co/api/v2/pokemon/656/
Frogadier,https://pokeapi.co/api/v2/pokemon/657/
Greninja,https://pokeapi.co/api/v2/pokemon/658/
Bunnelby,https://pokeapi.co/api/v2/pokemon/659/
Diggersby,https://pokeapi.co/api/v2/pokemon/660/
Fletchling,https://pokeapi.co/api/v2/pokemon/661/
Fletchinder,https://pokeapi.co/api/v2/pokemon/662/
Talonflame,https://pokeapi.co/api/v2/pokemon/663/
Scatterbug,https://pokeapi.co/api/v2/pokemon/664/
Spewpa,https://pokeapi.co/api/v2/pokemon/665/
Vivillon,https://pokeapi.co/api/v2/pokemon/666/
Litleo,https://pokeapi.co/api/v2/pokemon/667/
Pyroar,https://pokeapi.co/api/v2/pokemon/668/
Flabebe,https://pokeapi.co/api/v2/pokemon/669/
Floette,https://pokeapi.co/api/v2/pokemon/670/
Florges,https://pokeapi.co/api/v2/pokemon/671/
Skiddo,https://pokeapi.co/api/v2/pokemon/672/
Gogoat,https://pokeapi.co/api/v2/pokemon/673/
Pancham,https://pokeapi.co/api/v2/pokemon/674/
Pangoro,https://pokeapi.co/api/v2/pokemon/675/
Furfrou,https://pokeapi.co/api/v2/pokemon/676/
Espurr,https://pokeapi.co/api/v2/pokemon/677/
Meowstic-male,https://pokeapi.co/api/v2/pokemon/678/
Honedge,https://pokeapi.co/api/v2/pokemon/679/
Doublade,https://pokeapi.co/api/v2/pokemon/680/
Aegislash-shield,https://pokeapi.co/api/v2/pokemon/681/
Spritzee,https://pokeapi.co/api/v2/pokemon/682/
Aromatisse,https://pokeapi.co/api/v2/pokemon/683/
Swirlix,https://pokeapi.co/api/v2/pokemon/684/
Slurpuff,https://pokeapi.co/api/v2/pokemon/685/
Inkay,https://pokeapi.co/api/v2/pokemon/686/
Malamar,https://pokeapi.co/api/v2/pokemon/687/
Binacle,https://pokeapi.co/api/v2/pokemon/688/
Barbaracle,https://pokeapi.co/api/v2/pokemon/689/
Skrelp,https://pokeapi.co/api/v2/pokemon/690/
Dragalge,https://pokeapi.co/api/v2/pokemon/691/
Clauncher,https://pokeapi.co/api/v2/pokemon/692/
Clawitzer,https://pokeapi.co/api/v2/pokemon/693/
Helioptile,https://pokeapi.co/api/v2/pokemon/694/
Heliolisk,https://pokeapi.co/api/v2/pokemon/695/
Tyrunt,https://pokeapi.co/api/v2/pokemon/696/
Tyrantrum,https://pokeapi.co/api/v2/pokemon/697/
Amaura,https://pokeapi.co/api/v2/pokemon/698/
Aurorus,https://pokeapi.co/api/v2/pokemon/699/
Sylveon,https://pokeapi.co/api/v2/pokemon/700/
Hawlucha,https://pokeapi.co/api/v2/pokemon/701/
Dedenne,https://pokeapi.co/api/v2/pokemon/702/
Carbink,https://pokeapi.co/api/v2/pokemon/703/
Goomy,https://pokeapi.co/api/v2/pokemon/704/
Sliggoo,https://pokeapi.co/api/v2/pokemon/705/
Goodra,https://pokeapi.co/api/v2/pokemon/706/
Klefki,https://pokeapi.co/api/v2/pokemon/707/
Phantump,https://pokeapi.co/api/v2/pokemon/708/
Trevenant,https://pokeapi.co/api/v2/pokemon/709/
Pumpkaboo-average,https://pokeapi.co/api/v2/pokemon/710/
Gourgeist-average,https://pokeapi.co/api/v2/pokemon/711/
Bergmite,https://pokeapi.co/api/v2/pokemon/712/
Avalugg,https://pokeapi.co/api/v2/pokemon/713/
Noibat,https://pokeapi.co/api/v2/pokemon/714/
Noivern,https://pokeapi.co/api/v2/pokemon/715/
Xerneas,https://pokeapi.co/api/v2/pokemon/716/
Yveltal,https://pokeapi.co/api/v2/pokemon/717/
Zygarde,https://pokeapi.co/api/v2/pokemon/718/
Diancie,https://pokeapi.co/api/v2/pokemon/719/
Hoopa,https://pokeapi.co/api/v2/pokemon/720/
Volcanion,https://pokeapi.co/api/v2/pokemon/721/
Rowlet,https://pokeapi.co/api/v2/pokemon/722/
Dartrix,https://pokeapi.co/api/v2/pokemon/723/
Decidueye,https://pokeapi.co/api/v2/pokemon/724/
Litten,https://pokeapi.co/api/v2/pokemon/725/
Torracat,https://pokeapi.co/api/v2/pokemon/726/
Incineroar,https://pokeapi.co/api/v2/pokemon/727/
Popplio,https://pokeapi.co/api/v2/pokemon/728/
Brionne,https://pokeapi.co/api/v2/pokemon/729/
Primarina,https://pokeapi.co/api/v2/pokemon/730/
Pikipek,https://pokeapi.co/api/v2/pokemon/731/
Trumbeak,https://pokeapi.co/api/v2/pokemon/732/
Toucannon,https://pokeapi.co/api/v2/pokemon/733/
Yungoos,https://pokeapi.co/api/v2/pokemon/734/
Gumshoos,https://pokeapi.co/api/v2/pokemon/735/
Grubbin,https://pokeapi.co/api/v2/pokemon/736/
Charjabug,https://pokeapi.co/api/v2/pokemon/737/
Vikavolt,https://pokeapi.co/api/v2/pokemon/738/
Crabrawler,https://pokeapi.co/api/v2/pokemon/739/
Crabominable,https://pokeapi.co/api/v2/pokemon/740/
Oricorio-baile,https://pokeapi.co/api/v2/pokemon/741/
Cutiefly,https://pokeapi.co/api/v2/pokemon/742/
Ribombee,https://pokeapi.co/api/v2/pokemon/743/
Rockruff,https://pokeapi.co/api/v2/pokemon/744/
Lycanroc-midday,https://pokeapi.co/api/v2/pokemon/745/
Wishiwashi-solo,https://pokeapi.co/api/v2/pokemon/746/
Mareanie,https://pokeapi.co/api/v2/pokemon/747/
Toxapex,https://pokeapi.co/api/v2/pokemon/748/
Mudbray,https://pokeapi.co/api/v2/pokemon/749/
Mudsdale,https://pokeapi.co/api/v2/pokemon/750/
Dewpider,https://pokeapi.co/api/v2/pokemon/751/
Araquanid,https://pokeapi.co/api/v2/pokemon/752/
Fomantis,https://pokeapi.co/api/v2/pokemon/753/
Lurantis,https://pokeapi.co/api/v2/pokemon/754/
Morelull,https://pokeapi.co/api/v2/pokemon/755/
Shiinotic,https://pokeapi.co/api/v2/pokemon/756/
Salandit,https://pokeapi.co/api/v2/pokemon/757/
Salazzle,https://pokeapi.co/api/v2/pokemon/758/
Stufful,https://pokeapi.co/api/v2/pokemon/759/
Bewear,https://pokeapi.co/api/v2/pokemon/760/
Bounsweet,https://pokeapi.co/api/v2/pokemon/761/
Steenee,https://pokeapi.co/api/v2/pokemon/762/
Tsareena,https://pokeapi.co/api/v2/pokemon/763/
Comfey,https://pokeapi.co/api/v2/pokemon/764/
Oranguru,https://pokeapi.co/api/v2/pokemon/765/
Passimian,https://pokeapi.co/api/v2/pokemon/766/
Wimpod,https://pokeapi.co/api/v2/pokemon/767/
Golisopod,https://pokeapi.co/api/v2/pokemon/768/
Sandygast,https://pokeapi.co/api/v2/pokemon/769/
Palossand,https://pokeapi.co/api/v2/pokemon/770/
Pyukumuku,https://pokeapi.co/api/v2/pokemon/771/
Type-null,https://pokeapi.co/api/v2/pokemon/772/
Silvally,https://pokeapi.co/api/v2/pokemon/773/
Minior-red-meteor,https://pokeapi.co/api/v2/pokemon/774/
Komala,https://pokeapi.co/api/v2/pokemon/775/
Turtonator,https://pokeapi.co/api/v2/pokemon/776/
Togedemaru,https://pokeapi.co/api/v2/pokemon/777/
Mimikyu-disguised,https://pokeapi.co/api/v2/pokemon/778/
Bruxish,https://pokeapi.co/api/v2/pokemon/779/
Drampa,https://pokeapi.co/api/v2/pokemon/780/
Dhelmise,https://pokeapi.co/api/v2/pokemon/781/
Jangmo-o,https://pokeapi.co/api/v2/pokemon/782/
Hakamo-o,https://pokeapi.co/api/v2/pokemon/783/
Kommo-o,https://pokeapi.co/api/v2/pokemon/784/
Tapu-koko,https://pokeapi.co/api/v2/pokemon/785/
Tapu-lele,https://pokeapi.co/api/v2/pokemon/786/
Tapu-bulu,https://pokeapi.co/api/v2/pokemon/787/
Tapu-fini,https://pokeapi.co/api/v2/pokemon/788/
Cosmog,https://pokeapi.co/api/v2/pokemon/789/
Cosmoem,https://pokeapi.co/api/v2/pokemon/790/
Solgaleo,https://pokeapi.co/api/v2/pokemon/791/
Lunala,https://pokeapi.co/api/v2/pokemon/792/
Nihilego,https://pokeapi.co/api/v2/pokemon/793/
Buzzwole,https://pokeapi.co/api/v2/pokemon/794/
Pheromosa,https://pokeapi.co/api/v2/pokemon/795/
Xurkitree,https://pokeapi.co/api/v2/pokemon/796/
Celesteela,https://pokeapi.co/api/v2/pokemon/797/
Kartana,https://pokeapi.co/api/v2/pokemon/798/
Guzzlord,https://pokeapi.co/api/v2/pokemon/799/
Necrozma,https://pokeapi.co/api/v2/pokemon/800/
Magearna,https://pokeapi.co/api/v2/pokemon/801/
Marshadow,https://pokeapi.co/api/v2/pokemon/802/
Poipole,https://pokeapi.co/api/v2/pokemon/803/
Naganadel,https://pokeapi.co/api/v2/pokemon/804/
Stakataka,https://pokeapi.co/api/v2/pokemon/805/
Blacephalon,https://pokeapi.co/api/v2/pokemon/806/
Zeraora,https://pokeapi.co/api/v2/pokemon/807/
